{
  "metadata": {
    "generated_at": "2025-12-28T12:59:16.509723Z",
    "seed": 42
  },
  "n_documents": 10000,
  "n_clusters": 6,
  "silhouette_score": 0.0754003013364869,
  "cluster_info": {
    "0": {
      "n_documents": "412",
      "avg_text_length": 29.531553398058254,
      "percentage": 13.65142478462558
    },
    "1": {
      "n_documents": "211",
      "avg_text_length": 21.46919431279621,
      "percentage": 6.9913850231941685
    },
    "2": {
      "n_documents": "370",
      "avg_text_length": 33.883783783783784,
      "percentage": 12.259774685222
    },
    "3": {
      "n_documents": "1302",
      "avg_text_length": 16.51305683563748,
      "percentage": 43.141153081510936
    },
    "4": {
      "n_documents": "354",
      "avg_text_length": 20.55367231638418,
      "percentage": 11.72962226640159
    },
    "5": {
      "n_documents": "369",
      "avg_text_length": 22.3739837398374,
      "percentage": 12.226640159045726
    }
  },
  "parameters": {
    "embedding_model": "tfidf",
    "clustering_algorithm": "kmeans",
    "n_clusters": 6,
    "min_cluster_size": 5,
    "random_seed": 42
  }
}